"ID","Issue","URL","Title","Phase","Priority","Area","Status","Dependencies"
"GOV-01","1","https://github.com/pedrobritx/ambientis/issues/1","Consolidar manual, arquitetura e decisões do Ambientis","M0","P0","docs","Backlog",""
"GOV-02","2","https://github.com/pedrobritx/ambientis/issues/2","Configurar GitHub Project #12, milestones e proteção de branches","M0","P0","governance","Backlog","GOV-01"
"OPS-01","3","https://github.com/pedrobritx/ambientis/issues/3","Confirmar elegibilidade dos planos e integração GitHub–Vercel","M0","P0","operations","Backlog","GOV-01"
"APP-01","4","https://github.com/pedrobritx/ambientis/issues/4","Inicializar Next.js, TypeScript e CI reproduzível","M1","P0","platform","Backlog","GOV-01"
"UX-01","5","https://github.com/pedrobritx/ambientis/issues/5","Traduzir Meridian Terra em tokens e navegação acessível","M1","P1","design","Backlog","APP-01"
"AUTH-01","6","https://github.com/pedrobritx/ambientis/issues/6","Implementar autenticação, recuperação e MFA","M1","P0","security","Backlog","APP-01"
"DB-01","7","https://github.com/pedrobritx/ambientis/issues/7","Criar organizações, membros, escopos e políticas RLS","M1","P0","data","Backlog","AUTH-01"
"BASE-01","8","https://github.com/pedrobritx/ambientis/issues/8","Cadastrar empresas, unidades, atividades e licenças","M2","P0","base","Backlog","DB-01;UX-01"
"DOC-01","9","https://github.com/pedrobritx/ambientis/issues/9","Criar acervo privado com versões e evidências","M2","P0","documents","Backlog","DB-01;BASE-01"
"PROC-01","10","https://github.com/pedrobritx/ambientis/issues/10","Modelar processos, requisitos, tarefas e auditoria","M2","P0","workflow","Backlog","BASE-01;DOC-01"
"WASTE-01","11","https://github.com/pedrobritx/ambientis/issues/11","Implementar correntes, estoques e movimentações de resíduos","M3","P0","waste","Backlog","PROC-01"
"WASTE-02","12","https://github.com/pedrobritx/ambientis/issues/12","Reconciliar MTR, CDF, pesagens e inventário","M3","P0","waste","Backlog","WASTE-01"
"DOS-01","13","https://github.com/pedrobritx/ambientis/issues/13","Entregar dossiê preliminar do primeiro fluxo de resíduos","M3","P1","dossier","Backlog","WASTE-02;DOC-01"
"RAPP-01","14","https://github.com/pedrobritx/ambientis/issues/14","Modelar datasets e memórias de cálculo do RAPP","M4","P1","rapp","Backlog","WASTE-02;PROC-01"
"WATER-01","15","https://github.com/pedrobritx/ambientis/issues/15","Modelar pontos hídricos, medições e avaliação versionada","M4","P1","water","Backlog","PROC-01"
"FIELD-01","16","https://github.com/pedrobritx/ambientis/issues/16","Implementar vistoria e captura móvel online","M5","P1","field","Backlog","DOC-01;PROC-01;UX-01"
"OFF-01","17","https://github.com/pedrobritx/ambientis/issues/17","Implementar fila offline com sincronização e conflitos","M5","P1","offline","Backlog","FIELD-01;DB-01"
"QA-01","18","https://github.com/pedrobritx/ambientis/issues/18","Implementar gates QA-A a QA-G e revisão independente","M6","P0","quality","Backlog","RAPP-01;WATER-01;PROC-01"
"DOS-02","19","https://github.com/pedrobritx/ambientis/issues/19","Gerar dossiê final versionado com protocolos e recibos","M6","P0","dossier","Backlog","QA-01;DOS-01"
"OPS-02","20","https://github.com/pedrobritx/ambientis/issues/20","Implementar backup externo e ensaiar restauração","M7","P0","operations","Backlog","DOC-01;DOS-02"
"SEC-01","21","https://github.com/pedrobritx/ambientis/issues/21","Validar segurança, privacidade e recuperação","M7","P0","security","Backlog","OFF-01;QA-01;OPS-02"
"PILOT-01","22","https://github.com/pedrobritx/ambientis/issues/22","Concluir piloto assistido e liberar operação","M7","P0","product","Backlog","OPS-01;SEC-01;DOS-02"
"LATER-01","23","https://github.com/pedrobritx/ambientis/issues/23","Avaliar evolução após piloto e manter backlog de melhorias","M7","P2","product","Backlog","PILOT-01"
